RVA,label,comment
00008F40,__ret_arg2,
00008F50,__stubA,
00008F70,__stub_pop_4A,
00008FE0,__some_standard_deallocation_thing,
000093B0,__ret_zero_pop_4,
00009430,__ret_this_pop_4,
000097B0,__ret_false,
00009A30,__boost_error,
00009AA0,boost::detail::interlocked_read_acquire,
00009BA0,boost::detail::basic_timed_mutex::lock,
00009C50,boost::detail::basic_timed_mutex::mark_waiting_and_try_lock(long& old_count),
00009CA0,boost::detail::basic_timed_mutex::get_event,
00009E10,boost::shared_mutex::__sub_r9E10,
00009FA0,boost::shared_lock::__sub_r9FA0,
0000A3D0,__qpc_nanoseconds,
0000A5B0,__thread_start_idk,
0000AD10,TF4::PackageReader::open(char* path),
0000AD30,TF4::PackageReader::open(std::string* path),
0000AD50,TF4::PackageReader::file_size(),
0000AD60,TF4::PackageReader::offset(),
0000AD70,TF4::PackageReader::get_file_hash,
0000AD80,TF4::PackageReader::file_name_hash(),
0000AD90,TF4::PackageReader::`scalar deleting destructor',
0000B250,AnimationSet2D::GetMotion(int motion),
0000B460,Sqrat::Object::__method_8,
0000B480,__ret_this_plus_8A,
0000B630,Sqrat::Object::`scalar deleting destructor',
0000B860,SqratFunction::__evalA,
0000B9A0,std::string::destructor,
0000BF70,__shared_ptr_destructor,
0000C1A0,__ret_false_pop_8,
0000CB40,Kite::SquirrelAPI::__method_0,
0000CB80,Kite::SquirrelAPI::__method_4,
0000CBA0,Kite::SquirrelAPI::__method_8,
0000CBE0,Kite_SquirrelAPI_init,
0000D530,__main_initialize,
0000DBB0,__main_thread_func,
0000E0A0,__main_cleanup,
0000E190,ExitGame,
0000E6E0,SetWindowMode,
0000E730,GetResolution,
0000E9F0,IsFullscreen,
0000EA20,GetFPS,
0000EA30,Sleep(time),
0000EA40,GetCount,
0000EA50,SetWindowText,
0000EA70,SkipRender,
0000F1F0,UnknownB::__sub_rF1F0(std::string& str),
0000F410,boost::unique_lock::lock,
0000F4C0,boost::unique_lock::unlock,
0000F6E0,__deref_this_dwordA,
0000F6F0,std::string::length,
0000F700,std::string::c_str,
0000F710,std::string::__sub_rF710,
0000F730,std::string::__sub_rF730(const char* str),
0000F770,std::string::__sub_rF770,
0000F7B0,std::string::__sub_rF7B0,
0000F7D0,std::string::operator=(const std::string& str),
0000F850,std::string::__sub_rF850,
0000F880,std::string::__sub_rF880,
0000F8E0,std::string::default_constructor,
0000F900,std::string::constructorA,
00010740,__shared_pointer_copy(void* shared),
000108A0,__ret_this_plus_4B,
000108B0,__ret_thisA,
000108C0,UnknownB::__sub_r108C0,
000109F0,boost::shared_lock::__sub_r109F0,
00010FB0,"__set_this_dword_to_arg(int arg1, arg2)",
00010FD0,std::_Xlen_string,
00011040,std::string::__sub_r11040,
000110E0,"std::string::erase(size_t index, size_t count)",
00011180,"std::string::assign(const char* s, size_t count)",
00011280,std::string::__sub_r11280,
000113B0,std::string::__sub_r113B0,
000114E0,std::string::__sub_r114E0,
000115E0,std::string::__sub_r115E0,
00011CB0,UnknownB::__sub_r11CB0,
00012010,"std::allocator<char>::deallocate(char* p, size_t n)",
00012060,std::string::__sub_r12060,
00012A30,UnknownB::__sub_r12A30,
00012B50,std::string::__sub_r12B50,
00013670,__some_standard_deallocation_thingB,
00014160,__boost_throw_exception,
00018BE0,__ret_arg,
0001B1F0,__ret_zero,
0001C700,__int3,
0001DC20,"WinMain(HINSTANCE hInstance, HINSTANCE hPrevInstance, LPSTR lpszCmdLine, int nCmdShow)",
0001DF7F,__win_main_end,
0001DFA0,PakData::__sub_r1DFA0,
0001E130,PakDataInnerA::destructor,
0001E150,PakDataInnerD::destructor,
0001E240,PakDataInnerE::destructor,
0001E280,PakDataInnerD::__sub_r1E280,
0001E330,__set_dword_arg_to_deref_this(void*),
0001E3C0,PakDataInnerA::__sub_r1E3C0,
0001E470,PakDataInnerC::destructor,
0001E4B0,UnknownB::destructor,
0001E4F0,UnknownB::default_constructor,
0001E530,__deref_this_dwordC,
0001E580,__deref_this_plus_10_dword,
0001E700,std::string::__sub_r1E700,
0001E7C0,"std::string::resize(size_t count, char c)",
0001E810,std::string::resize(size_t count),
0001E860,std::string::c_strB,
0001E8A0,"std::string::append(size_t count, char c)",
0001E960,__stubB,
0001E970,PakDataInnerE::__sub_r1E970,
0001EAE0,"__this_dword_operator=(void*, arg2)",
0001EB10,__this_dword_operator==(void*),
0001EB40,__ret_thisC,
0001EB70,__ret_thisB,
0001EB90,PakDataInnerC::__sub_r1EB90,
0001ED00,UnknownB::__sub_r1ED00,
0001EDB0,__ret_this_plus_14,
0001EDD0,__ret_thisE,
0001EF60,std::string::__sub_r1EF60,
0001EFB0,__this_ret_arg,
0001F000,__ret_this_plus_8B,
0001F020,__ret_this_plus_4C,
0001F040,__stubC,
0001F070,__stub_pop_8B,
0001F090,PakDataInnerD::__sub_r1F090,
0001F110,PakDataInnerD::__sub_r1F110,
0001F180,PakDataInnerD::__sub_r1F180,
0001F2A0,__set_dword_arg_to_double_deref_this(void*),
0001F330,PakDataInnerA::__sub_r1F330,
0001F3B0,PakDataInnerA::__sub_r1F3B0,
0001F420,__ret_arg_plus_10,
0001F430,PakDataInnerA::__sub_r1F430,
0001F590,__this_dword_operator!=(void*),
0001F600,__ret_arg_plus_8,
0001F610,__ret_arg_plus_4,
0001F620,__deref_this_dwordB,
0001F650,PakDataInnerD::__sub_r1F650,
0001F7B0,PakDataInnerD::__sub_r1F7B0,
0001FE80,PakDataInnerA::__sub_r1FE80,
0001FFE0,PakDataInnerA::__sub_r1FFE0,
00020670,__zero_this_dword,
00020690,__ret_thisD,
000206C0,__ret_this_plus_4B,
000206F0,PakDataInnerD::__sub_r206F0,
00020920,__ret_arg_plus_D,
00020930,__ret_arg_plus_C,
00020A10,__deref_this_dword_plus_4,
00020A40,__deref_this_dword_plus_8,
00020BF0,PakDataInnerA::__sub_r20BF0,
00020E20,PakDataInnerA::__sub_r20E20,
00021020,__stub_pop_4B,
00021060,"__this_safe_dword_copy(void* dst, void* src)",
000210C0,__zero_this_3_dwords,
000210F0,std::string::__sub_r210F0,
00021400,std::string::__get_str(char** out),
00021690,__ret_arg_pop4,
000238A0,"__make_window(int width, int height, char* class_name, char* title)",
00023A70,"Wndproc(HWND hWnd, UINT uMsg, WPARAM wParam, LPARAM lParam)",
00023AED,,WM_ACTIVATE
00023B5F,,WM_DESTROY
00023BB2,,WM_NCACTIVATE
00023BD3,,WM_SYSKEYDOWN
00023BE0,,F4
00023C2C,,WM_TIMER
00023C92,,WM_SYSCOMMAND
00023CC4,,WM_MOUSEMOVE
00023D00,,"WM_CREATE, WM_QUIT, WM_ACTIVATEAPP, WM_KEYDOWN, WM_SYSKEYUP, WM_IME_NOTIFY"
00023DD3,,ACM_PLAY
00023DF0,message_loop,
00023E50,"TF4::PackageReader::open(char* path, PakData* pak_data)",
00023FAA,__thcrap_openFile,THCRAP: th145_openFile
00024100,"TF4::PackageReader::read(void* buffer, size_t size)",
00024250,"TF4::PackageReader::seek(size_t offset, int origin)",
000243B0,PakData::__sub_r243B0(char* path),
00024410,PakDataInnerA::__sub_r24410,
000244A0,"PakDataInnerA::__sub_r244A0(int* arg1, int* arg2)",
00024710,__initialize_all_the_squirrel_stuff,
00024E40,manbow::CompileFile,
00024F28,,758
00025240,_vfprintf,
00025270,_printf,
000253A0,PakData::__set_global_ptr_to_this,
000253B0,PakData::destructor,
00025420,PakData::__sub_r25420,
00026120,"PakData::__sub_r26120(char* path, size_t length)",
00026300,PakData::__sub_r26300(char* path),
0002D5F0,std::vector::__sub_r2D5F0,
0002D650,std::vector<uint8_t>::resize(size_t size),
0002D6A0,std::vector::__sub_r2D6A0,
0002DE10,TF4::FileReader::open(char* path),
0002DE80,TF4::FileReader::openB(char* path),
0002DEE0,TF4::FileReader::close(),
0002DF30,"TF4::FileReader::read(void* buffer, size_t size)",
0002DFA1,__thcrap_readFileA,THCRAP: th135_replaceReadFile
0002DFED,__thcrap_readFileB,THCRAP: th135_replaceReadFile
0002E090,"TF4::FileReader::seek(size_t offset, int origin)",
0002E1A0,TF4::PackageReader::get_file_hash_impl,
0002EA00,TF4::file_tell(HANDLE& file),
0002EA50,TF4::file_size(HANDLE& file),
0002EAC0,"TF4::file_seek(HANDLE& file, size_t& offset, int& origin)",
0002EB70,"TF4::file_read(HANDLE& file, void*& buffer, size_t& size, size_t*& bytes_read)",
0002EC60,TF4::file_open(char*& path),
0002ED70,TF4::FileReader::`scalar deleting destructor',
0002EE00,TF4::FileReader::open(std::string* path),
0002F090,,SPAWNS THREE THREADS
0002F2A0,__unknown_thread_func_A,
0002F5F0,__unknown_thread_func_B,
0002F800,__unknown_thread_func_C,
00032D70,std::hash::__idk,
00032D8E,,THCRAP: th135_file_name
00032E80,hash_file_path,
00033060,__decompress_related,
00035F70,_fprintf,
00039AD0,std::vector<std::shared_ptr>::resize(size_t size),
0003A1B0,UDPInnerD::__sub_r3A1B0,
0003B680,__input_initialize,
0003B720,__input_cleanup,
0003B7F0,__keyboard_device_initialize,
0003B830,,// DISCL_NONEXCLUSIVE | DISCL_FOREGROUND | DISCL_NOWINKEY
0003B850,__keyboard_device_get_state,
0003B8B0,__joystick_device_initialize,
0003B930,__joystick_device_get_state,
0003BF10,__mouse_device_initialize,
0003BF71,,// DISCL_NONEXCLUSIVE | DISCL_FOREGROUND
0003BFB1,,// DIPROP_AXISMODE
0003BFE0,"EnumDevicesCallback(LPCDIDEVICEINSTANCE lpddi, LPVOID pvRef)",
0003C056,,// DISCL_EXCLUSIVE | DISCL_FOREGROUND
0003C09B,,// DIDFT_AXIS
0003C101,,// product_name
0003C320,"EnumDeviceObjectsCallback(LPCDIDEVICEOBJECTINSTANCEA lpddoi, LPVOID pvRef)",
0003CB70,__stub_pop_8_A,
0003D390,__input_get_states,
00041EA0,manbow::Sprite::SetWorldTransform,
000422E0,Manbow::SqFileReader::open(char* path),
00042300,TF4::PackageReader::read_int,
00042320,TF4::PackageReader::read_float,
00042340,TF4::PackageReader::read_bool,
00042560,manbow::LoadTable,
00045560,TF4::PackageReader::operator=(TF4::PackageReader* value),
00046980,std::list_node<UnknownG>::allocate,
000484F2,__call_method_8,
00048920,__ret_true,
00048930,TF4::PackageReader::read_dword(void* buffer),
0004F310,"std::string::assign(size_t count, char c)",
000521C0,TF4::PackageReader::read_byte(void* buffer),
00056F30,manbow::Clear,
00056F40,manbow::SetZTest,
00056F70,manbow::SetZWrite,
00056FA0,manbow::SetBlend,
00056FF0,manbow::SetFilter,
00057040,manbow::SetCulling,
00057080,manbow::DrawRect,
0005D050,__ret_this_float_plus_C,
0005D060,__ret_this_float_plus_10,
0005D070,__ret_this_float_plus_8,
00060A70,manbow::Rectangle::SetPosition,
00060AA0,manbow::Rectangle::SetColor,
00062110,manbow::Sprite::Initialize,
00062270,manbow::Sprite::SetUV,
000622C0,manbow::Sprite::ConnectRenderSlot,
000624D0,manbow::Sprite::DisconnectRenderSlot,
00062550,Sqrat::Class<Manbow::Sprite>::constructor,
00070760,Manbow::InputRecorder::`scalar deleting destructor',
00070790,Manbow::InputRecorder::destructor,
00070A20,Manbow::InputRecorder::__method_4,
00070BC0,Manbow::InputRecorder::__method_8,
0007A890,"__sub_r7A890(char* path, Arg2)",
0007B200,manbow::AnimationSet2D::LoadBackground,
0007B560,manbow::AnimationSet2D::Load,
0007BE90,manbow::AnimationSet2D::Create,
0007E3D0,"std::list<UnknownP>::__sub_r7E3D0(int* out, int* val)",
00081730,std::list_node<UnknownH>::allocate,
00082DB0,__ret_this_dword_plus_14,
00082DC0,__ret_this_word_plus_18,
00082DD0,__ret_this_word_plus_1A,
00087210,Manbow::AnimationControllerBase::set_matrix,
00087240,Manbow::AnimationControllerBase::get_matrix,
00087250,Manbow::AnimationControllerBase::set_color,
00087280,Manbow::AnimationControllerBase::get_color,
00087290,__ret_false_pop_4,
000872A0,Manbow::AnimationControllerBase::GetKeyFrameData,
000872D0,__ret_100,
000872E0,Manbow::AnimationControllerBase::__method_38,
00087300,__stub_pop_C,
00087420,Manbow::AnimationControllerBase::`scalar deleting destructor',
000875F0,Manbow::AnimationController2D::get_animation_data,
00087600,Manbow::AnimationController2D::__method_2C,
00087620,Manbow::AnimationController2D::__method_8,
00087630,Manbow::AnimationController2D::get_take_frame_total,
00087640,Manbow::AnimationController2D::__method_30,
00087660,Manbow::AnimationController2D::__method_34,
00087670,Manbow::AnimationController2D::__method_5C,
00087690,Manbow::AnimationController2D::__method_60,
000876B0,Manbow::AnimationController2D::__method_64,
000876D0,Manbow::AnimationController2D::__method_68,
00087700,Manbow::AnimationController2D::__method_6C,
00087730,Manbow::AnimationController2D::__method_70,
00087850,Manbow::AnimationController2D::`scalar deleting destructor',
00087880,Manbow::AnimationControllerTrail::`scalar deleting destructor',
00087D10,Manbow::AnimationControllerTrail::__method_0,
00087E10,Manbow::AnimationControllerTrail::__method_20,
00087F00,Manbow::AnimationControllerTrail::__method_7C,
00089440,Manbow::AnimationControllerDynamic::`scalar deleting destructor',
00089950,Manbow::AnimationControllerDynamic::__method_1C,
00089A50,Manbow::AnimationControllerDynamic::__method_9C,
00089C30,Manbow::AnimationControllerDynamic::__method_20,
0008BE30,Manbow::AnimationControllerStencil::`scalar deleting destructor',
0008C1B0,Manbow::AnimationControllerStencil::__method_7C,
0008DA30,Manbow::AnimationController2D::destructor,
0008DCB0,Manbow::AnimationController2D::set_matrix,
0008DD20,"Manbow::AnimationController2D::SetMotion(int motion, int take)",
0008DD90,Manbow::AnimationController2D::SetTake(int take),
0008DE90,Manbow::AnimationController2D::SetKeyFrame(int keyframe),
0008DF10,Manbow::AnimationController2D::__method_28,
0008DFC0,Manbow::AnimationController2D::__method_A0,
0008E040,Manbow::AnimationController2D::__method_9C,
0008E180,Manbow::AnimationController2D::GetKeyFrameData,
0008E270,Manbow::AnimationController2D::__method_8C,
0008E280,Manbow::AnimationController2D::__method_78,
0008E300,Manbow::AnimationController2D::__method_7C,
0008E4E0,Manbow::AnimationController2D::__method_94,
0008E5A0,Manbow::AnimationController2D::__method_38,
0008E600,Manbow::AnimationController2D::__method_90,
000921D0,Manbow::AnimationController3D::destructor,
00092230,Manbow::AnimationController3D::__method_10,
00092270,Manbow::AnimationController3D::__method_88,
00092290,Manbow::AnimationController3D::__method_8C,
000922B0,Manbow::AnimationController3D::__method_90,
000922D0,Manbow::AnimationController3D::__method_94,
000922F0,Manbow::AnimationController3D::__method_98,
00092300,Manbow::AnimationController3D::__method_9C,
00092310,Manbow::AnimationController3D::__method_A0,
00092320,Manbow::AnimationController3D::__method_A4,
00092330,Manbow::AnimationController3D::__method_28,
00092350,Manbow::AnimationController3D::__method_2C,
00092370,Manbow::AnimationController3D::__method_30,
00092380,Manbow::AnimationController3D::__method_34,
00092390,Manbow::AnimationController3D::__method_70,
000923B0,Manbow::AnimationController3D::`scalar deleting destructor',
00092830,"Manbow::AnimationController3D::SetMotion(int motion, int take)",
000929A0,Manbow::AnimationController3D::__method_1C,
00092A50,__ret_true_pop_4,
00092A60,Manbow::AnimationController3D::__method_0,
00092AD0,Manbow::AnimationController3D::__method_78,
00092B40,Manbow::AnimationController3D::__method_7C,
00092BB0,Manbow::AnimationController3D::__method_AC,
00092C50,Manbow::AnimationController3D::__method_B0,
00093E00,manbow::Actor2D::__sub_r93E00,
00093E10,manbow::Actor2D::SetUpdateFunction,
00093EB0,manbow::Actor2D::SetEndTakeCallbackFunction,
00093F50,manbow::Actor2D::SetContactTestCallbackFunction,
00093FF0,manbow::Actor2D::SetEndMotionCallbackFunction,
00094090,manbow::Actor2D::SetCallbackOnScreen,
000941C0,manbow::Actor2D::__sub_r941C0,
00094280,manbow::Actor2D::__sub_r94280,
000942D0,manbow::Actor2D::GetPoint,
00094420,manbow::Actor2D::GetPointLocal,
00095860,manbow::Actor2D::SetUpdateFunctionEx,
00095880,manbow::Actor2D::SetEndTakeCallbackFunctionEx,
00095A30,manbow::Actor2D::SetEndMotionCallbackFunctionEx,
00095B90,manbow::Actor2D::SetContactTestCallbackFunctionEx,
00095BB0,manbow::Actor2D::SetParent,
00096280,Sqrat::Class<Manbow::Actor2D>::constructor,
00096F90,__read_only_value_A,
0009A920,Manbow::Actor2DGroup::constructor,
0009AA60,Manbow::Actor2DGroup::`scalar deleting destructor',
0009AA90,Manbow::Actor2DGroup::destructor,
0009ABD0,manbow::Actor2DGroup::SetWorld,
0009ACD0,manbow::Actor2DGroup::SetCamera,
0009AFB0,manbow::Actor2DGroup::Clear,
0009B100,manbow::Actor2DGroup::ClearAll,
0009B110,manbow::Actor2DGroup::GetSize,
0009B120,manbow::Actor2DGroup::Refresh,
0009B230,manbow::Actor2DGroup::SetUpdateType,
0009B270,manbow::Actor2DGroup::SetUpdateMask,
0009B280,manbow::Actor2DGroup::Update,
0009B290,manbow::Actor2DGroup::UpdateTypeDefault,
0009B390,manbow::Actor2DGroup::UpdateType1,
0009B440,manbow::Actor2DGroup::UpdateType2,
0009B550,manbow::Actor2DGroup::Move,
0009B610,manbow::Actor2DGroup::LoopVertical,
0009B690,manbow::Actor2DGroup::CacheContactTest,
0009B960,manbow::Actor2DGroup::ContactTest,
0009BC60,manbow::Actor2DGroup::SetOnHitActorCallbackFunction,
0009BC70,manbow::Actor2DGroup::SetOnHitCollisionCallbackFunction,
0009BC80,manbow::Actor2DGroup::SetOnMoveCallbackFunction,
0009BD00,Sqrat::Class<Manbow::Actor2DGroup>::constructor,
0009E140,manbow::Actor2DManager::SetGroup,
0009E340,manbow::Actor2DManager::CreateActor2D,
0009E470,manbow::Actor2DManager::CreateActor2DTrail,
0009E610,manbow::Actor2DManager::CreateActor2DStencil,
0009E7B0,manbow::Actor2DManager::CreateActor2DDynamic,
0009E950,manbow::Actor2DManager::CreateActor3D,
0009EA80,manbow::Actor2DManager::CreateAnimationController2D,
0009EB50,"manbow::Actor2DManager::LoadAnimationData(char* path, Arg2)",
0009EBE0,"manbow::Actor2DManager::__sub_r9EBE0(char* path, Arg2)",
0009F3A0,manbow::Actor2DManager::CreateAnimationData,
0009F3C0,manbow::Actor2DManager::LoadMesh,
0009F3E0,manbow::Actor2DManager::GetGlobalAnimation,
0009F460,manbow::Actor2DManager::GetAnimationSet2D,
0009F4E0,manbow::Actor2DManager::Update,
000B8070,Manbow::AnimationControllerBase::destructor,
000B8250,Manbow::AnimationControllerBase::__method_44,
000B8C50,Manbow::AnimationControllerBase::__method_40,
000B8CC0,Manbow::AnimationControllerBase::__method_48,
000B8D00,Manbow::AnimationControllerBase::__method_4C,
000B8D40,Manbow::AnimationControllerBase::__method_80,
000B8E20,Manbow::AnimationControllerBase::__method_84,
000B9240,Manbow::AnimationController2D::__method_50,
000B94E0,Manbow::AnimationController2D::SetCollisionScaling,
000B9AE0,Manbow::AnimationController2D::SetCollisionRotation,
000BA510,Manbow::AnimationController2D::__method_3C,
000BB880,manbow::Actor2D::SetCallbackCount,
000BBA00,manbow::Actor2D::SetCallbackRepeat,
000BBB80,manbow::Actor2D::SetCallbackOnScreenEx,
000BBD30,manbow::Actor2D::SetCallbackReflection,
000BC330,manbow::Actor2D::SetCallbackSpeedX,
000BC4C0,manbow::Actor2D::SetCallbackSpeedY,
000BC650,manbow::Actor2D::SetCallbackScalingX,
000BC7E0,manbow::Actor2D::SetCallbackScalingY,
000BC970,manbow::Actor2D::SetCallbackRotationX,
000BCB00,manbow::Actor2D::SetCallbackRotationY,
000BCC90,manbow::Actor2D::SetCallbackRotationZ,
000BCE20,manbow::Actor2D::SetCallbackColorA,
000BCFB0,manbow::Actor2D::SetCallbackColorR,
000BD140,manbow::Actor2D::SetCallbackColorG,
000BD2D0,manbow::Actor2D::SetCallbackColorB,
000C0DB0,Manbow::Actor2D::constructor,
000C0F80,Manbow::Actor2D::`scalar deleting destructor',
000C0FB0,Manbow::Actor2D::destructor,
000C1230,manbow::Actor2D::Release,
000C1240,manbow::Actor2D::__sub_rC1240,
000C1280,manbow::Actor2D::Update,
000C1330,manbow::Actor2D::__sub_rC1330,
000C13F0,manbow::Actor2D::__sub_rC13F0,
000C1480,manbow::Actor2D::__sub_rC1480,
000C15D0,manbow::Actor2D::Warp,
000C1610,manbow::Actor2D::Warp3D,
000C1650,manbow::Actor2D::CreateActor2D,
000C16A0,manbow::Actor2D::CreateActor2DTrail,
000C16F0,manbow::Actor2D::CreateActor2DStencil,
000C1740,manbow::Actor2D::CreateActor2DDynamic,
000C1790,manbow::Actor2D::CreateActor3D,
000C1DC0,manbow::Actor2D::ClearTask,
000C1DD0,manbow::Actor2D::RemoveTask,
000C1E40,manbow::Actor2D::SetTaskAddSpeed,
000C1EC0,manbow::Actor2D::SetTaskAddScaling,
000C1F40,manbow::Actor2D::SetTaskAddRotation,
000C1FD0,manbow::Actor2D::SetTaskAddColor,
000C2080,manbow::Actor2D::SetTaskAutoRotation,
000C20F0,manbow::Actor2D::SetTaskAutoCollisionUpdate,
000C2650,manbow::Actor2D::ConnectRenderSlot,
000C2890,manbow::Actor2D::__sub_rC2890,
000C29F0,manbow::Actor2D::SetMotion,
000C2A00,manbow::Actor2D::SetTake,
000C2A10,manbow::Actor2D::SetKeyFrame,
000C2A20,manbow::Actor2D::GetKeyFrameData,
000C2A40,manbow::Actor2D::SetCollisionScaling,
000C2A80,manbow::Actor2D::SetCollisionRotation,
000C2AC0,manbow::Actor2D::__sub_rC2AC0,
000C2B40,manbow::Actor2D::__sub_rC2B40,
000C3290,manbow::Actor2D::__sub_rC3290,
000C3840,manbow::Actor2D::__sub_rC3840,
000CE200,Manbow::NetworkServerImpl::__Init,
000CE220,Manbow::NetworkNode::__Standby,
000CE240,Manbow::NetworkNode::__GetChildDelay,
000CE2A0,Manbow::NetworkNode::__SetLocalInputDevice,
000CE2C0,Manbow::NetworkServerImpl::__BeginSyncInput,
000CE2E0,Manbow::NetworkServerImpl::__SyncInput,
000CE2F0,Manbow::NetworkServerImpl::__GetInputDelay,
000CE310,Manbow::NetworkNode::__BeginStreaming,
000CE320,Manbow::NetworkNode::__EndStreaming,
000CE340,Manbow::NetworkNode::__SendToChild,
000CE350,Manbow::NetworkNode::__SendToChildSync,
000CE360,Manbow::NetworkNode::__SendToChildAsync,
000CF130,__server_connection_init,
000D0160,Manbow::NetworkClientImpl::__Init,
000D0180,Manbow::NetworkClientImpl::__Connect,
000D0230,Manbow::NetworkClientImpl::__Reconnect,
000D0240,Manbow::NetworkClientImpl::__GetConnectState,
000D0270,Manbow::NetworkClientImpl::__GetParentDelay,
000D0290,Manbow::NetworkClientImpl::__BeginSyncInput,
000D02B0,Manbow::NetworkClientImpl::__SyncInput,
000D02C0,Manbow::NetworkClientImpl::__GetInputDelay,
000D0300,Manbow::NetworkClientImpl::__BeginStreamingPlay,
000D0310,Manbow::NetworkClientImpl::__StreamingPlay,
000D0320,Manbow::NetworkClientImpl::__SendToParent,
000D0340,Manbow::NetworkClientImpl::__SendToParentSync,
000D0360,Manbow::NetworkClientImpl::__SendToParentAsync,
000D2670,"UnknownO::__sub_rD2670(uint8_t* data, size_t size)",
000D44F0,__sub_rD44F0(std::string* str),
000D5860,Manbow::NetworkNode::__method_20(Arg1),
000D58E0,Manbow::NetworkServerImpl::constructor,
000D5980,Manbow::NetworkServerImpl::`scalar deleting destructor',
000D59B0,Manbow::NetworkServerImpl::destructor,
000D5A30,"Manbow::NetworkServerImpl::__Init_impl(TF4::UDP* udp, size_t child_count, uint16_t port)",
000D5DB0,"Manbow::NetworkServerImpl::__BeginSyncInput_impl(Sqrat::Object* input_local, int player_count, bool arg3)",
000D6030,Manbow::NetworkServerImpl::__SyncInput_impl,
000D60B0,"Manbow::NetworkServerImpl::__handle_packet_19(size_t index, uint8_t* data, size_t size)",
000D60F7,__server_packet_19_subtype_0,
000D611B,__server_packet_19_subtype_1,
000D6165,__server_packet_19_subtype_6,
000D6260,__server_packet_19_subtype_8,
000D62AC,__server_packet_19_subtype_9,
000D62C9,__server_packet_19_subtype_13,
000D6320,std::vector<UnknownN>::__sub_rD6320,
000D6430,__shared_ptr_sub_rD6430,
000D6480,std::vector<ManbowNetworkInputSessionRemote>::resize(size_t size),
000D80E0,Manbow::NetworkClientImpl::__Connect_impl,
000D81C0,Manbow::NetworkServerImpl::__GetInputDelay_impl,
000D8220,"Manbow::NetworkNode::__method_0(Arg1, Arg2, Arg3, Arg4)",
000D8610,Manbow::NetworkNode::__method_4(size_t arg1),
000D8860,"Manbow::NetworkNode::__method_C(Arg1, Arg2, Arg3, Arg4)",
000D8B60,"Manbow::NetworkNode::__method_10(Arg1, Arg2, Arg3)",
000D8E80,Manbow::NetworkNode::__method_14,
000DAB20,Manbow::NetworkNode::constructor,
000DAF10,Manbow::NetworkNode::`scalar deleting destructor',
000DAF70,Manbow::NetworkNode::destructor,
000DB850,Manbow::NetworkNode::__BeginStreaming_impl,
000DB940,"Manbow::NetworkNode::__handle_packet_19_sub_9(size_t index, uint8_t* data)",
000DBE10,Manbow::NetworkClientImpl::__SendToParent_impl,
000DBE80,Manbow::NetworkNode::__SendToChild_impl,
000DBF30,Manbow::NetworkClientImpl::__SendToParentAsync_impl,
000DBF60,Manbow::NetworkNode::__SendToChildAsync_impl,
000DBF90,Manbow::NetworkNode::__SendToChildSync_impl,
000DC1C0,Manbow::NetworkNode::__sub_rDC1C0,
000DF000,Manbow::NetworkClientImpl::constructor,
000DF0A0,Manbow::NetworkClientImpl::`scalar deleting destructor',
000DF0D0,Manbow::NetworkClientImpl::destructor,
000DF150,Manbow::NetworkClientImpl::__Init_impl,
000DF4E0,Manbow::NetworkClientImpl::__BeginSyncInput_impl,
000DF6D0,Manbow::NetworkClientImpl::__SyncInput_impl,
000DF730,Manbow::NetworkClientImpl::__BeginStreamingPlay_impl,
000DFC40,Manbow::NetworkClientImpl::__StreamingPlay_impl,
000DFD10,"Manbow::NetworkClientImpl::__handle_packet_19(size_t index, uint8_t* data, size_t size)",
000DFD3B,__client_packet_19_subtype_0,
000DFD54,__client_packet_19_subtype_1,
000DFD96,__client_packet_19_subtype_9,
000DFDA8,__client_packet_19_subtype_13,
000DFDF0,"Manbow::NetworkClientImpl::__handle_packet_18(uint8_t* data, size_t size)",
000DFE30,__client_packet_18_subtype_0,
000DFE4A,__client_packet_18_subtype_1,
000DFE89,__client_packet_18_subtype_4,
000DFEF1,__client_packet_18_subtype_6,
000DFFF7,__client_packet_18_subtype_8,
000E0043,__client_packet_18_subtype_10,
000E019B,__client_packet_18_subtype_11,
000E0218,__client_packet_18_subtype_12,
000E02E8,__client_packet_18_subtype_13,
000E0305,__client_packet_18_subtype_14,
000E2E80,"Manbow::NetworkInputSession::__sub_rE2E80(int player_count, bool arg2, Sqrat::Object* input_local, Sqrat::Object* arg4, Sqrat::Object* arg5)",
000E3150,Manbow::NetworkInputSession::__sub_rE3150,
000E3200,Manbow::NetworkInputSession::__sub_rE3200(Sqrat::Object* input_local),
000E3290,Manbow::NetworkInputSession::__sub_rE3290,
000E3340,Manbow::NetworkInputSession::__sub_rE3340,
000E3578,__patchA_addr,
000E364A,__patchB_addr,
000E3740,Manbow::NetworkInputSession::__sub_rE3740,
000E3790,Manbow::NetworkInputSession::__sub_rE3790(size_t index),
000E38B0,"Manbow::NetworkClientImpl::__handle_packet_18_sub_13(uint8_t* data, size_t size)",
000E3C60,"Manbow::NetworkNode::__handle_packet_19_sub_13(size_t index, uint8_t* data, size_t size)",
000E7090,std::string::__sub_rE7090,
000E93D0,__ret_this_pop_C,
000EC870,std::string::__get_end(char** iter_out),
000EDA40,__ret_zero_float,
000EFF50,__zero_this_dword_plus_10,
001234E0,Act::ScriptAPI::constructor,
00127700,Act::HostEnvironment::__method_0,
00127750,"Act::HostEnvironment::__get_value(char* text, void* out)",
00127AC0,"__load_plugin(arg1, char* path, ScriptAPI* api, bool is_internal)",
00127AEF,,THCRAP: detour_plugin
0012B6F0,libact::LoadPlugin,
0012BC50,ActScriptExtenderPlugin::constructor,
0012DDD0,__load_plugin_from_pak(char* path),
0012E4F0,"custom_get_proc_address(void* module, char* func_name)",
0012E50E,,// module
0012E511,,// &dos_header
0012E514,,// &dos_header
0012E517,,// pe offset
0012E51A,,// base address
0012E521,,// &pe_file_header
0012E524,,// &pe_file_header
0012E52A,,// &optional_header
0012E535,,// &optional_header
0012E538,,// export data directory
0012E53C,,// export_directory_rva
0012E53F,,// module
0012E542,,// base_address
0012E545,,// base_address
0012E548,,// export_directory_rva
0012E54B,,// export_directory
0012E54E,,// export_directory
0012E551,,// base_address
0012E554,,// names offset
0012E557,,// name_pointer_table
0012E55A,,// export_directory
0012E55D,,// base address
0012E560,,// addresses offset
0012E563,,// export_address_table
0012E566,,// export_directory
0012E569,,// base address
0012E56C,,// ordinals offset
0012E56F,,// ordinal_table
0012E572,,// export_directory
0012E575,,// name count
0012E578,,// number_of_names
0012E57B,,// i
0012E584,,// i
0012E58A,,// i
0012E58D,,// i
0012E590,,// number_of_names
0012E599,,// i
0012E59C,,// name_pointer_table
0012E59F,,// base address
0012E5A5,,// export_name
0012E5A8,,// export_name
0012E5AE,,// func_name
0012E605,,// i
0012E608,,// ordinal_table
0012E60F,,// export_address_table
0012E612,,// base address
0012E820,,THCRAP: anti-tamper ret
00130630,__sub_r130630,THCRAP: anti-tamper ret
00132AF0,,THCRAP: anti-tamper ret
0014AE60,manbow::LoadCSV,
0014B0A0,__sub_r14B0A0,
0014B140,manbow::LoadCSVtoTable,
0014B530,manbow::LoadCSVtoArray,
0014C1D0,manbow::SaveCSV,
0014D550,manbow::SaveTable,
0014D6A0,manbow::LoadJSONtoTable,
0014DD60,__sub_r14DD60,
0014E2B0,__sub_r14E2B0,
001524F0,__sub_r1524F0,
001525B0,,// offset
00153290,__csv_genA(int rows),
001534E0,__csv_genB(int columns),
00168B70,TF4::InputRecorder::`scalar deleting destructor',
00168BA0,TF4::InputRecorder::destructor,
00168C10,TF4::InputRecorder::__method_4,
00168F60,TF4::InputRecorder::__method_8,
001692A0,TF4::InputRecorder::__method_C,
00169450,TF4::InputRecorder::__method_10,
00169530,TF4::InputRecorder::__method_14,
00169560,TF4::InputRecorder::__method_28,
00169590,TF4::InputRecorder::__method_2C,
001695C0,TF4::InputRecorder::__method_30,
00169600,TF4::InputRecorder::__method_18,
00169630,TF4::InputRecorder::__method_1C,
00169660,TF4::InputRecorder::__method_20,
00169690,TF4::InputRecorder::__method_24,
001696A0,TF4::InputRecorder::__method_34,
001696D0,TF4::InputRecorder::__method_38,
00169710,TF4::InputRecorder::__method_3C,
00169740,TF4::InputRecorder::__method_40,
00169770,TF4::InputRecorder::Device::__sub_r169770,
00169810,TF4::InputRecorder::Device::__sub_r169810,
00169A20,TF4::InputRecorder::Device::__sub_r169A20,
00169AF0,"TF4::InputRecorder::Device::__sub_r169AF0(uint16_t* arg1, uint32_t arg2, uint32_t arg3)",
00169BD0,"TF4::InputRecorder::Device::__sub_r169BD0(uint16_t* arg1, uint32_t arg2, uint32_t arg3)",
00169CC0,TF4::InputRecorder::Device::__sub_r169CC0,
0016F150,do_throw_errorB,
0016F1E0,do_throw_error,
0016F330,__sub_r16F330,
0016FDE0,__sub_r16FDE0(UnknownF* unknown_f),
0016FE50,"__sub_r16FE50(UnknownF* unknown_f, int error, int arg3)",
001702C0,__bind,
00170330,__socket_close,
00170430,__send,
001704D0,"__sendto(int dwBufferCount, Arg2, sockaddr* lpTo, int iToLen, Arg5)",
00170570,"__sendtoB(LPWSABUF lpBuffers, int dwBufferCount, Arg3, sockaddr* lpTo, int iToLen, Arg6)",
00170620,__create_socket_r170620,
001707F0,"__get_loopback_boost_addr(void* out, Arg2, Arg3)",
00170C00,__problem_socket_closeB,
00170C70,"win_iocp_socket_service_base::do_open(Arg1, BoostSocket* sock, int af, int type, int protocol, Arg6)",
00170E00,"__recv_from(BoostSocket* bsocket, LPWSABUF buffers, DWORD bufferCount, sockaddr* from, DWORD flags, LPINT from_len, UnknownF* unknown_f)",
00170EB0,__problem_socket_closeA,
00170FB0,BoostIPAddr::operator_ipv4(IPv4* ret),
00171020,BoostIPAddr::operator_ipv6(IPv6* ret),
00171090,BoostIPAddr::__fill_loopback,
001710E0,BoostIPAddr::__fill_loopback_impl,
001711A0,"BoostSockAddr::constructor(int af, int port)",
00171230,"BoostSockAddr::constructor(BoostIPAddr* ip, uint16_t port)",
00171320,BoostSockAddr::get_ip(BoostIPAddr* ret),
00171380,BoostSockAddr::match,
001716F0,UDPInnerB::__sub_r1716F0,
001717A0,UDPInnerB::__sub_r1717A0,
00171EF0,__ret_false_pop_C,
00171F00,ConnectionData::__default_constructor,
00171F64,,CHILD BYTE FIELD
00171FE0,TF4::UDP::set_network_impl,
00171FF0,TF4::UDP::__create_sharedA,
00172060,TF4::UDP::__default_constructor,
001722E0,ConnectionData::destructor,
001725D0,"TF4::UDP::__method_0(size_t child_count, uint16_t port, Arg3)",
0017267C,,CHILD ALERT
0017270E,,CHILD ALERT
00172830,ref<TF4::UDP>::__sub_r172830,
00172920,TF4::UDP::__method_4,
001729EC,,CHILD ALERT
00172A50,TF4::UDP::__make_socket(uint16_t port),
00172BC0,TF4::UDP::__sub_r172BC0,
00172F60,"TF4::UDP::__method_28(size_t index, bool Arg2)",
00172F92,,CHILD ALERT
00172FE4,,CHILD ALERT
0017304B,,CHILD ALERT
00173110,TF4::UDP::GetParentDelay,
00173120,TF4::UDP::GetChildDelay(size_t index),
00173136,,CHILD ALERT
00173150,TF4::UDP::GetChildState(size_t index),
00173169,,CHILD ALERT
001732A0,BoostSocketRef::__sub_r1732A0,
001734D0,__winsock_cleanup,
001734F0,__winsock_init,
00173600,"BoostSocket::initialize(Arg1, BoostSockAddr* addr)",
001736E0,"BoostSocket::initialize(Arg1, int* af)",
001739C0,BoostSocket::__sub_r1739C0,
00173D00,"win_iocp_socket_service::open(Arg1, BoostSocket* sock, int* af, Arg4)",
00174530,TF4::UDP::__create_sharedB,
00174700,BoostSocketRef::__set(BoostSocket* sock),
00174810,"BoostSocket::__send_toB(const ConstBufferSequence& buffers, const endpoint_type& destination)",
00174890,"BoostSocket::__send_to(const ConstBufferSequence& buffers, const endpoint_type& destination)",
00176100,"__recv_fromB(BoostSocket* bsocket, ConstBufferSequence* buffer, sockaddr* from, Arg4, Arg5)",
001762E0,__problem_socket_closeC,
00176490,__problem_socket_closeD,
001768B0,BoostIPv6::operator<,
00176920,BoostIPAddr::operator!=(BoostIPAddr* other),
00176980,BoostSockAddr::operator<,
00176AD0,Packet7::default_constructor,
00176B00,TF4::UDP::__recv_from,
00176BB0,TF4::UDP::__packet_parser,
00176C10,__handle_packet_type_5,
00176CA2,__handle_packet_type_6,
00176CC8,,CHILD ALERT
00176D49,__handle_packet_type_0,
00176DF0,__handle_packet_type_1,
00176E16,,CHILD ALERT
00176E98,__handle_packet_type_7,
00176F71,__handle_packet_type_2,
00176FC5,__handle_packet_type_3,
00176FFA,__handle_packet_type_4,
00177047,__handle_packet_type_8,
00177063,__handle_packet_type_9,
0017708D,__handle_packet_type_11,
001770CD,__handle_packet_type_12,
00177107,__handle_packet_type_13,
00177126,__handle_packet_type_15,
0017713D,__handle_packet_type_16,
00177169,__handle_packet_type_17,
0017717F,__handle_packet_type_18,
001771BC,__handle_packet_type_19,
001771D4,,CHILD ALERT
001771F2,,CHILD ALERT
0017721D,__handle_packet_return,
001772D0,__dword_vec_contains_neg_one(vec* arg1),
00177470,"__recv_fromA(BoostSocket* bsocket, ConstBufferSequence* buffer, sockaddr* from, DWORD flags, Arg5)",
00178590,"TF4::UDP::__method_8(char* str, Arg2, void* data, uint16_t size)",
001789B0,TF4::UDP::__method_C,
00178B30,"TF4::UDP::__method_20(size_t index, Arg2, void* data, int size)",
00178B78,,CHILD ALERT
00178E70,"TF4::UDP::__method_24(size_t index, Arg2, void* data, int size)",
00178EB9,,CHILD ALERT
00179160,TF4::UDP::__method_10,
001792D0,TF4::UDP::GetParentState,
001792E0,TF4::UDP::__sub_r1792E0,
00179820,TF4::UDP::__sub_r179820,
0017989C,,CHILD ALERT
001798CC,,CHILD ALERT
001798DC,,CHILD TSC DIFF
001798E9,,CHILD ALERT
001798FB,,CHILD ALERT
0017990C,,CHILD ALERT
00179953,,CHILD ALERT
0017A940,UDPInnerB::__sub_r17A940,
0017A9E0,UDPInnerB::__sub_r17A9E0,
0017AF70,UDPInnerB::__sub_r17AF70,
0017C220,"TF4::UDP::__method_18(void* data, size_t size)",
0017C340,"TF4::UDP::__send_packet_18_to_child(size_t index, void* data, size_t size)",
0017C37F,,CHILD ALERT
0017C3EF,,CHILD ALERT
0017C430,"TF4::UDP::__send_packet_18_to_children(void* data, size_t size)",
0017C480,,CHILD ALERT
0017C4EE,,CHILD ALERT
0017C580,Packet13::default_constructor,
0017C5E0,TF4::UDP::__handle_packet_8,
0017C681,,CHILD ALERT
0017C6E4,,CHILD BYTE FIELD
0017C6F9,,CHILD BYTE FIELD
0017C935,,CHILD ALERT
0017C942,,CHILD BYTE FIELD
0017CACF,,CHILD ALERT
0017CAE6,,CHILD ALERT
0017CB26,,CHILD ALERT
0017CC90,"TF4::UDP::__handle_packet_9(SockAddr* from, Packet9* packet)",
0017CD62,,CHILD ALERT
0017CDC8,__network_black_screen_A,
0017CDFB,,// TF4::UDP::__method_24
0017CE01,__network_black_screen_B,
0017CE92,,// Manbow::NetworkNode::__method_0
0017CE97,__network_black_screen_C,
0017CEAE,,// TF4::UDP::__method_20
0017CEB4,__network_black_screen_D,
0017CF87,,// Manbow::NetworkNode::__method_0
0017CF96,,// TF4::UDP::__method_20
0017CFB0,TF4::UDP::__handle_packet_11,
0017D1A0,TF4::UDP::__handle_packet_12,
0017D330,TF4::UDP::__handle_packet_13,
0017D580,TF4::UDP::__handle_packet_15,
0017D630,TF4::UDP::__handle_packet_16,
0017D669,,CHILD ALERT
0017D68B,,CHILD ALERT
0017D6F8,,CHILD ALERT
0017E340,"std::string::insert(size_t index, size_t count, char c)",
001817E0,_sq_arrayappend,
001818D0,_sq_arraypop,
00181960,_sq_arrayremove,
00181A50,_sq_arrayreverse,
00181C00,_sq_bindenv,
00181E00,"_sq_clear(SQVM* vm, int params, BOOL ret_val, BOOL raise_error)",
00181ED0,_sq_clear,
00181FD0,_sq_close(SQVM* vm),
00182060,"_sq_compile(SQVM* vm, void* read_func, void* p, char* source, BOOL raise_error)",
00182150,"_sq_compilebuffer(SQVM* vm, char* buf, int size, char* source, BOOL raise_error)",
00182190,_sq_createinstance,
00182240,_sq_deleteslot,
00182360,"_sq_enabledebuginfo(SQVM* vm, BOOL enable)",
00182380,"sq_vm_free_jmp(void* ptr, size_t size)",
00182390,"_sq_get(SQVM* vm, int index)",
00182400,_sq_getattributes,
00182620,_sq_getbyhandle,
00182790,_sq_getclass,
00182840,_sq_getclosureinfo,
001828F0,_sq_getclosurename,
001829A0,_sq_getdefaultdelegate,
00182BD0,_sq_geterrorfunc(SQVM* vm),
00182C50,_sq_getforeignptr(SQVM* vm),
00183070,_sq_getmemberhandle,
001831A0,_sq_getobjtypetag,
00183200,_sq_getprintfunc(SQVM* vm),
00183310,_sq_getstackobj,
001833F0,_sq_gettop(SQVM* vm),
00183400,"_sq_gettype(SQVM* vm, int index)",
00183590,_sq_getversion(),
001835A0,_sq_getvmstate(SQVM* vm),
00183750,sq_vm_malloc_jmp(size_t size),
001837A0,_sq_newarray,
00183840,"_sq_newclass(SQVM* vm, BOOL hasbase)",
00183960,"_sq_newclosure(SQVM* vm, void* func, int nfreevars)",
00183A50,_sq_newmember,
00183B60,"_sq_newslot(SQVM* vm, int index, BOOL static)",
00183CB0,_sq_newtableex,
00183D50,"_sq_newthread(SQVM* vm, int initial_stack_size)",
00183E30,_sq_newuserdata,
00183EC0,_sq_next,
00184060,"_sq_notifyallexceptions(SQVM* vm, BOOL enable)",
00184150,_sq_open(int initial_stack_size),
001841F0,"_sq_pop(SQVM* vm, int count)",
00184200,_sq_poptop(SQVM* vm),
00184210,"_sq_push(SQVM* vm, int index)",
00184470,_sq_pushregistrytable(SQVM* vm),
001844B0,"_sq_pushstring(SQVM* vm, char* str, int length)",
001845D0,_sq_rawdeleteslot,
00184860,_sq_rawnewmember,
00184970,_sq_rawset,
00184B10,_sq_readclosure,
00184C50,"sq_vm_realloc_jmp(void* ptr, size_t old_size, size_t new_size)",
00184C90,"_sq_remove(SQVM* vm, int index)",
00184CA0,"_sq_reservestack(SQVM* vm, int size)",
00184E60,_sq_resurrectunreachable,
00184EF0,_sq_setattributes,
00185070,_sq_setbyhandle,
00185110,_sq_setclassudsize,
001851E0,"_sq_setcompilererrorhandler(SQVM* vm, void* func)",
001852A0,_sq_setdebughook,
00185400,_sq_seterrorhandler(SQVM* vm),
00185470,"_sq_setforeignptr(SQVM* vm, void* ptr)",
00185490,_sq_setfreevariable,
001858B0,"_sq_setprintfunc(SQVM* vm, void* out_func, void* err_func)",
001859F0,"_sq_settop(SQVM* vm, int new_top)",
00185A30,"_sq_settypetag(SQVM* vm, int index, tag)",
00185AD0,_sq_suspendvm(SQVM* vm),
00185AE0,"_sq_throwerror(HSQUIRRELVM v, char* str)",
00185B30,_sq_throwobject,
00185BC0,_sq_tostring,
00185C70,_sq_typeof,
00185D20,"_sq_wakeupvm(SQVM* vm, BOOL resumed_ret, BOOL ret_val, BOOL raise_error, BOOL throw_error)",
00185EC0,_sq_weakref,
00186600,_sq_getfunctioninfo,
00186730,"sq_vm_free(void* ptr, size_t size)",
00186740,sq_vm_malloc(size_t size),
00186750,"sq_vm_realloc(void* ptr, size_t old_size, size_t new_size)",
00187060,"sq_throwerror(SQVM* vm, char* text, int arg3)",
00188790,SQString::Release,
00189540,SQSharedState::SQSharedState,
0018A720,SQSharedState::Init(),
0018BD60,SQStringTable::Remove,
0018C490,SQVM::SQVM(SQSharedState* shared_state),
001918E0,SQVM::Get,
00191A60,SQVM::GetAt(int index),
00191AA0,SQVM::GetUp(int index),
00192C20,SQVM::Pop(int count),
00192C70,SQVM::Pop(),
00192CB0,SQVM::Push(void* obj_ptr),
00192D00,SQVM::PushNull(),
00193820,SQVM::Top(),
00193FF0,__something_about_squirrel,
0019B2C0,__nut_sort,
0019B320,__nut_slice,
0019B510,__nut_sliceB,
0019B640,__nut_findB,
0019B700,__nut_tolower,
0019B7F0,__nut_toupper,
0019B910,__nut_call,
0019CFF0,__nut_len,
0019D080,__nut_tofloat,
0019D300,__nut_tointeger,
0019D540,__nut_tostring,
0019D560,__nut_weakref,
0019D580,__nut_clear,
0019D660,__nut_rawdelete,
0019D690,__nut_rawin,
0019D6D0,__nut_rawset,
0019D6F0,__nut_rawget,
0019D710,__nut_setdelegate,
0019D740,__nut_getdelegate,
0019D760,__nut_append_push,
0019D780,__nut_extend,
0019D7C0,__nut_reverse,
0019D7E0,__nut_pop,
0019D810,__nut_top,
0019D860,__nut_insert,
0019D8D0,__nut_remove,
0019DA00,__nut_resize,
0019DB40,__nut_map,
0019DC30,__nut_apply,
0019DC60,__nut_reduce,
0019DEA0,__nut_filter,
0019E130,__nut_find,
001A4A80,"sqstd_createfile(SQVM* vm, FILE* file, BOOL own)",
001A4C80,sqstd_register_iolib(SQVM* vm),
001A5640,"declare_stream(SQVM* vm, char* name, tag, void* methods, void* globals)",
001A57E0,init_streamclass(SQVM* vm),
001A6490,sqstd_register_bloblib(SQVM* vm),
001BCB00,__ret_zero_pop_8,
001F14C0,"__sub_r1F14C0(Arg1, std::string* Arg2)",
0026BA90,__stub_pop_14,
002C35F1,__Cnd_destroy,
002C3696,_QueryPerformanceCounter,
002C36AF,_QueryPerformanceFrequency,
002C3A7E,__dumb_file_reader_exception,
002C3A9B,std::_Xlength_error,
002C3ABB,std::_Xout_of_range,
002C3BDE,mtx_do_lock,
002C3E06,__Mtx_destroy,
002C3E91,__Mtx_lock,
002DBEE0,__sub_r2DBEE0,
002E1360,operator_delete_array,
002E1365,operator_delete_array_sized,
002E1930,operator_delete,
002E1935,operator_delete_sized,
002E5780,__stub_pop_10,
002F9041,__purecall,
003062BF,_clearfp,
00306FC7,_realloc,
0030BAE5,__get_standard_file(int index),
0030F8B6,__calc_qpc_delta,
003122EA,__calloc_base,
00312347,__free_base,
003152D2,_strnlen,
003182D4,_recalloc,
003182DF,__recalloc_base,
0031ED30,__msize_base,
0033C770,__ret_true_pop_8,
0034C540,UDPInnerB::__default_constructor,
0034CBC0,UDPInnerB::destructor,
0034D030,UDPInnerB::__sub_r34D030,
0034D0D0,UDPInnerB::__sub_r34D0D0,
0034D4F0,UDPInnerB::__sub_r34D4F0,
0034D630,UDPInnerB::__sub_r34D630,
0034D810,UDPInnerB::__sub_r34D810,
00362EDA,__libm_sse2_cosf,
003632F7,__libm_sse2_sinf,
00389CD4,"""a""",
00389D00,"""an""",
00389D24,"""ac""",
00389D50,"""a.""",
00389D78,""" s n  n""",
00389D80,"""s s n """,
0038A098,"""t""",
0038A0E0,""".t|o""",
0038BC30,Sqrat::Object::`vftable',
0038BC40,Sqrat::TableBase::`vftable',
0038BC50,Sqrat::RootTable::`vftable',
0038C178,Sqrat::Table::`vftable',
0038D1A8,Sqrat::Arrat::`vftable',
0038FCB0,Sqrat::Script::`vftable',
003DA7A0,c_dfDIKeyboard,
003DA7B8,c_dfDIMouse2,
003DA7D0,c_dfDIJoystick,
003DA7F8,IID_IDirectInput8A,
003DA808,GUID_XAxis,
003DA818,GUID_YAxis,
003DA828,GUID_ZAxis,
003DA838,GUID_RxAxis,
003DA848,GUID_RyAxis,
003DA858,GUID_RzAxis,
003DA868,GUID_Slider,
003DA878,GUID_Key,
003DA888,GUID_POV,
003DA898,GUID_SysMouse,
003DA8A8,GUID_SysKeyboard,
003E2E44,TF4::PackageReader::`vftable',
00441CE4,Kite::SquirrelAPI::`vftable',
00441CF4,Act::CFileIO_Reader::`vftable',
00441D38,"""th155""",
00441D68,"""HDD""",
00441D80,"(SJIS)""Installation is required to start this software.\nPlease read the documentation included with your product for more information.""",
00441DE8,"""th155.pak""",
00441DF4,"""th155b.pak""",
00441E00,"(SJIS)""Touhou Possessed Flower""",
0044201C,Sqrat::MBLocalScript::`vftable',
00442854,TF4::FileReader::`vftable',
00443184,Manbow::SqFileReader::`vftable',
004432B8,"""\\""",
004433E8,"""s""",
00444DB0,Sqrat::Class<Manbow::Sprite>::`vftable',
00445494,Manbow::InputRecorder::`vftable',
00445D54,TF4::IMaterial::`vftable',
00445E10,Manbow::AnimationController2D::`vftable',
00445ECC,Manbow::AnimationControllerBase::`vftable',
00446340,Sqrat::Instance::`vftable',
00446610,Sqrat::Class<Manbow::Actor2D>::`vftable',
00446C8C,Sqrat::Class<Manbow::Actor2DGroup>::`vftable',
00446C9C,Manbow::Actor2DGroup::`vftable',
00446DAC,Sqrat::Class<Manbow::Actor2DManager>::`vftable',
00446DF4,Sqrat::Class<Manbow::Actor2DProcGroup>::`vftable',
00447A38,Manbow::Actor2D::`vftable',
004481CC,Manbow::NetworkServerImpl::`vftable',
0044821C,Manbow::NetworkNode::`vftable',
00448370,Manbow::NetworkClientImpl::`vftable',
00448664,""".""",
00449B28,"""InterfaceObject_IHostEnvironment""",
00449B94,Act::ScriptAPI::`vftable',
00449C94,Act::HostEnvironment::`vftable',
00449E64,""".dll""",
0044A0EC,"""NtSetInformationThread""",
0044A104,"""ntdll.dll""",
0044C4A4,TF4::InputRecorder::`vftable',
0044C944,TF4::UDP::`vftable',
004607E0,TF4::FileReader::`RTTI Base Class Array',
00460B28,Sqrat::Object::`RTTI Class Hierarchy Descriptor',
00460D40,TF4::PackageReader::`RTTI Class Hierarchy Descriptor',
00460EC0,Sqrat::Object::`RTTI Complete Object Locator',
00460ED4,"Sqrat::Object::`RTTI Base Class Descriptor at (0,-1,0,64)'",
004611F8,"TF4::PackageReader::`RTTI Base Class Descriptor at (0,-1,0,64)'",
004619F8,TF4::PackageReader::`RTTI Complete Object Locator',
00461BA0,Sqrat::Object::`RTTI Base Class Array',
00462058,TF4::FileReader::`RTTI Class Hierarchy Descriptor',
00462190,TF4::PackageReader::`RTTI Base Class Array',
00462220,"TF4::FileReader::`RTTI Base Class Descriptor at (0,-1,0,64)'",
00462D40,TF4::FileReader::`RTTI Complete Object Locator',
004638D4,Manbow::SqFileReader::`RTTI Base Class Array',
00463A18,"Manbow::SqFileReader::`RTTI Base Class Descriptor at (0,-1,0,64)'",
00463AE4,Manbow::SqFileReader::`RTTI Class Hierarchy Descriptor',
00463BBC,Manbow::SqFileReader::`RTTI Complete Object Locator',
00465694,Manbow::InputRecorder::`RTTI Base Class Array',
004656C0,TF4::InputRecorder::`RTTI Base Class Array',
004657A8,"Manbow::InputRecorder::`RTTI Base Class Descriptor at (0,-1,0,64)'",
004657D4,"TF4::InputRecorder::`RTTI Base Class Descriptor at (0,-1,0,64)'",
00465860,TF4::InputRecorder::`RTTI Class Hierarchy Descriptor',
00465870,Manbow::InputRecorder::`RTTI Class Hierarchy Descriptor',
0046590C,Manbow::InputRecorder::`RTTI Complete Object Locator',
00469B24,Manbow::Actor2D::`RTTI Base Class Array',
00469BBC,"TF4::VECTOR3::`RTTI Base Class Descriptor at (12,-1,0,64)'",
00469BF4,"Manbow::Actor2D::`RTTI Base Class Descriptor at (0,-1,0,64)'",
00469C7C,Manbow::Actor2D::`RTTI Class Hierarchy Descriptor',
00469CC8,Manbow::Actor2D::`RTTI Complete Object Locator',
0046AC90,TF4::IUDPReceiveCallback::`RTTI Base Class Array',
0046ACA0,Manbow::NetworkServerImpl::`RTTI Base Class Array',
0046ACB4,Manbow::NetworkNode::`RTTI Base Class Array',
0046AD78,"TF4::IUDPReceiveCallback::`RTTI Base Class Descriptor at (0,-1,0,64)'",
0046ADB0,"Manbow::NetworkServerImpl::`RTTI Base Class Descriptor at (0,-1,0,64)'",
0046ADCC,"Manbow::NetworkNode::`RTTI Base Class Descriptor at (0,-1,0,64)'",
0046AE70,TF4::IUDPReceiveCallback::`RTTI Class Hierarchy Descriptor',
0046AE80,Manbow::NetworkNode::`RTTI Class Hierarchy Descriptor',
0046AE90,Manbow::NetworkServerImpl::`RTTI Class Hierarchy Descriptor',
0046AF48,Manbow::NetworkServerImpl::`RTTI Complete Object Locator',
0046AF70,Manbow::NetworkNode::`RTTI Complete Object Locator',
0046B1B4,Manbow::NetworkClientImpl::`RTTI Base Class Array',
0046B1EC,"Manbow::NetworkClientImpl::`RTTI Base Class Descriptor at (0,-1,0,64)'",
0046B29C,Manbow::NetworkClientImpl::`RTTI Class Hierarchy Descriptor',
0046B2F8,Manbow::NetworkClientImpl::`RTTI Complete Object Locator',
0046D848,Act::HostEnvironment::`RTTI Complete Object Locator',
0046D888,Act::HostEnvironment::`RTTI Base Class Array',
0046D898,"Act::HostEnvironment::`RTTI Base Class Descriptor at (0,-1,0,64)'",
0046D8B4,Act::HostEnvironment::`RTTI Class Hierarchy Descriptor',
0046E7C4,TF4::InputRecorder::`RTTI Complete Object Locator',
0046EADC,TF4::IUDP::`RTTI Base Class Array',
0046EAE4,TF4::UDP::`RTTI Base Class Array',
0046ECB4,"TF4::IUDP::`RTTI Base Class Descriptor at (0,-1,0,64)'",
0046ECD0,"TF4::UDP::`RTTI Base Class Descriptor at (0,-1,0,64)'",
0046EEA8,TF4::UDP::`RTTI Class Hierarchy Descriptor',
0046EEB8,TF4::IUDP::`RTTI Class Hierarchy Descriptor',
0046F0EC,TF4::UDP::`RTTI Complete Object Locator',
00498D98,InterfaceObject_Memory,
0049AEE0,TLS_INDEX_A,
0049AF0C,__window_height,
0049AF10,__window_width,
004C8AE4,TF4::FileReader `RTTI Type Descriptor',
004C9274,Sqrat::Object `RTTI Type Descriptor',
004C9FBC,TF4::PackageReader `RTTI Type Descriptor',
004CC13C,Manbow::SqFileReader `RTTI Type Descriptor',
004CE1EC,TF4::InputRecorder `RTTI Type Descriptor',
004CE20C,Manbow::InputRecorder `RTTI Type Descriptor',
004D35EC,Manbow::Actor2D `RTTI Type Descriptor',
004D4B04,TF4::IUDPReceiveCallback `RTTI Type Descriptor',
004D4B2C,Manbow::NetworkNode `RTTI Type Descriptor',
004D4B50,Manbow::NetworkServerImpl `RTTI Type Descriptor',
004D53B4,Manbow::NetworkClientImpl `RTTI Type Descriptor',
004D6A88,Act::HostEnvironment `RTTI Type Descriptor',
004D8078,TF4::UDP `RTTI Type Descriptor',
004D8090,TF4::IUDP `RTTI Type Descriptor',
004D8E40,Kite_SquirrelAPI_ptr,
004DA180,QPC_FREQ_LOW,
004DA184,QPC_FREQ_HIGH,
004DA188,INITIAL_QPC_LOW,
004DA18C,INITIAL_QPC_HIGH,
004DAC90,InterfaceObject_Graphics_ptr,
004DACB8,Function_FileOpenRead_ptr,
004DACBC,Function_FileOpenWrite_ptr,
004DACE0,UNKNOWN_COUNT_A,
004DACE4,SQUIRREL_VM_A,
004DACE8,WINDOW_HEIGHT,
004DACF8,FPS_VALUE,
004DACFC,SCRIPT_API_PTR,
004DAD03,ENABLE_WINDOW_PROC,
004DAD08,WINDOW_WIDTH,
004DAD0C,WINDOW_HANDLE,
004DAD10,UNKNOWN_INT_A,
004DAD14,INSTANCE_HANDLE,
004DAD18,PAK_DATA_PTR,
004DAD2C,UNKNOWN_BOOL_A,
004DAD30,__window_handle,
004DAD34,__instance_handle,
004DAEB8,MOUSE_STATE-{lX},
004DAEBC,MOUSE_STATE-lY,
004DAEC0,MOUSE_STATE-lZ,
004DAEC4,MOUSE_STATE-rgbButtons[8],
004DAECC,KEYBOARD_DEVICE,
004DAEE8,MOUSE_DEVICE,
004DAEEC,DINPUT,
004DAEF0,XINPUT_PACKET_NUMBERS[0],
004DAEF4,XINPUT_PACKET_NUMBERS[1],
004DAEF8,XINPUT_PACKET_NUMBERS[2],
004DAEFC,XINPUT_PACKET_NUMBERS[3],
004DAF00,KEYBOARD_STATE[256],
004DAF1C,KEYBOARD_STATE[return],
004DAF38,KEYBOARD_STATE[left_alt],
004DAFB8,KEYBOARD_STATE[right_alt],
004DB11C,STATIC_MUTEX_A,
004DB134,STATIC_MUTEX_B,
004DB1C4,FILE_READER_UNKNOWN_D,
004DB1EC,FILE_READER_UNKNOWN_A,
004DB214,FILE_READER_UNKNOWN_C,
004DB23C,FILE_READER_UNKNOWN_B,
004DB264,FILE_READER_UNKNOWN_E,
004DB28C,FILE_READER_UNKNOWN_F,
004DB2B4,FILE_READER_UNKNOWN_G,
004DB2DC,FILE_READER_UNKNOWN_H,
004DB61C,UNKNOWN_B-__dword_0,
004DB620,UNKNOWN_B-__dword_4,
004DB624,UNKNOWN_B-__dword_8,
004DC050,STATIC_VECTOR_A,
004DC05C,STATIC_MUTEX_D,
004DC07C,STATIC_MUTEX_C,
004DC2A0,__winlator_crash_ptr,
004DC81C,WINSOCK_INIT_COUNT,
004DC820,WINSOCK_STARTUP_RESULT,
